"Position","Name","Salary","GameInfo","AvgPointsPerGame","teamAbbrev"
"PG/SG","James Harden",11600,"CHA@HOU 12/13/2017 09:30PM ET",58.09,"HOU"
"PG/SG","Chris Paul",8400,"CHA@HOU 12/13/2017 09:30PM ET",40.795,"HOU"
"PG","Kyle Lowry",8300,"TOR@PHO 12/13/2017 09:00PM ET",37.95,"TOR"
"SG/SF","DeMar DeRozan",8300,"TOR@PHO 12/13/2017 09:00PM ET",38.65,"TOR"
"SG/SF","Devin Booker",7800,"TOR@PHO 12/13/2017 09:00PM ET",38.3,"PHO"
"C","Dwight Howard",7600,"CHA@HOU 12/13/2017 09:30PM ET",35.827,"CHA"
"PG","Kemba Walker",7500,"CHA@HOU 12/13/2017 09:30PM ET",38.552,"CHA"
"SF/PF","T.J. Warren",6700,"TOR@PHO 12/13/2017 09:00PM ET",30.536,"PHO"
"C","Clint Capela",6700,"CHA@HOU 12/13/2017 09:30PM ET",34.46,"HOU"
"SG/SF","Nicolas Batum",6000,"CHA@HOU 12/13/2017 09:30PM ET",24.167,"CHA"
"PF/C","Serge Ibaka",5700,"TOR@PHO 12/13/2017 09:00PM ET",24.826,"TOR"
"SG/SF","Jeremy Lamb",5400,"CHA@HOU 12/13/2017 09:30PM ET",27.77,"CHA"
"SG/SF","Trevor Ariza",4900,"CHA@HOU 12/13/2017 09:30PM ET",24.424,"HOU"
"SF/PF","Marvin Williams",4900,"CHA@HOU 12/13/2017 09:30PM ET",20,"CHA"
"SG","Eric Gordon",4900,"CHA@HOU 12/13/2017 09:30PM ET",27.707,"HOU"
"PF/C","Greg Monroe",4800,"TOR@PHO 12/13/2017 09:00PM ET",22.219,"PHO"
"C","Jonas Valanciunas",4700,"TOR@PHO 12/13/2017 09:00PM ET",22.143,"TOR"
"C","Tyson Chandler",4400,"TOR@PHO 12/13/2017 09:00PM ET",22.763,"PHO"
"PF/C","Alex Len",4400,"TOR@PHO 12/13/2017 09:00PM ET",23.489,"PHO"
"SF","Michael Kidd-Gilchrist",4400,"CHA@HOU 12/13/2017 09:30PM ET",19.413,"CHA"
"PG","Mike James",4300,"TOR@PHO 12/13/2017 09:00PM ET",21.973,"PHO"
"PF/C","Ryan Anderson",4300,"CHA@HOU 12/13/2017 09:30PM ET",21.854,"HOU"
"PG","Tyler Ulis",4200,"TOR@PHO 12/13/2017 09:00PM ET",17.769,"PHO"
"SG/SF","Josh Jackson",4200,"TOR@PHO 12/13/2017 09:00PM ET",17.42,"PHO"
"PF/C","Marquese Chriss",4000,"TOR@PHO 12/13/2017 09:00PM ET",17.277,"PHO"
"PF/C","Frank Kaminsky",4000,"CHA@HOU 12/13/2017 09:30PM ET",19.239,"CHA"
"SG/SF","C.J. Miles",3800,"TOR@PHO 12/13/2017 09:00PM ET",16.807,"TOR"
"SG","Troy Daniels",3800,"TOR@PHO 12/13/2017 09:00PM ET",9.714,"PHO"
"PG","Fred VanVleet",3800,"TOR@PHO 12/13/2017 09:00PM ET",14.81,"TOR"
"C","Cody Zeller",3800,"CHA@HOU 12/13/2017 09:30PM ET",17.882,"CHA"
"PF","Jared Dudley",3700,"TOR@PHO 12/13/2017 09:00PM ET",12.354,"PHO"
"PF/C","Jakob Poeltl",3700,"TOR@PHO 12/13/2017 09:00PM ET",15.49,"TOR"
"PF","Pascal Siakam",3700,"TOR@PHO 12/13/2017 09:00PM ET",17.427,"TOR"
"SG/SF","Norman Powell",3600,"TOR@PHO 12/13/2017 09:00PM ET",16.202,"TOR"
"SF/PF","P.J. Tucker",3600,"CHA@HOU 12/13/2017 09:30PM ET",17.94,"HOU"
"PG","Michael Carter-Williams",3600,"CHA@HOU 12/13/2017 09:30PM ET",14.267,"CHA"
"PG/SG","Malik Monk",3600,"CHA@HOU 12/13/2017 09:30PM ET",11.902,"CHA"
"PG/SG","Delon Wright",3500,"TOR@PHO 12/13/2017 09:00PM ET",16.536,"TOR"
"SF/PF","OG Anunoby",3500,"TOR@PHO 12/13/2017 09:00PM ET",12.39,"TOR"
"C","Lucas Nogueira",3400,"TOR@PHO 12/13/2017 09:00PM ET",11.265,"TOR"
"SF/PF","Dragan Bender",3400,"TOR@PHO 12/13/2017 09:00PM ET",12.268,"PHO"
"C","Nene Hilario",3300,"CHA@HOU 12/13/2017 09:30PM ET",14.194,"HOU"
"SF/PF","Luc Richard Mbah a Moute",3300,"CHA@HOU 12/13/2017 09:30PM ET",16.435,"HOU"
"C","Alan Williams",3200,"TOR@PHO 12/13/2017 09:00PM ET",0,"PHO"
"SG/SF","Dwayne Bacon",3200,"CHA@HOU 12/13/2017 09:30PM ET",9.93,"CHA"
"PG","Bobby Brown",3100,"CHA@HOU 12/13/2017 09:30PM ET",4.391,"HOU"
"PF/C","Tarik Black",3100,"CHA@HOU 12/13/2017 09:30PM ET",8.569,"HOU"
"PG","Lorenzo Brown",3000,"TOR@PHO 12/13/2017 09:00PM ET",4.375,"TOR"
"PG/SG","Brandon Knight",3000,"TOR@PHO 12/13/2017 09:00PM ET",0,"PHO"
"PF","Alfonzo McKinnie",3000,"TOR@PHO 12/13/2017 09:00PM ET",2.594,"TOR"
"PF","Malcolm Miller",3000,"TOR@PHO 12/13/2017 09:00PM ET",0,"TOR"
"SG/SF","Danuel House",3000,"TOR@PHO 12/13/2017 09:00PM ET",2.75,"PHO"
"SG/SF","Davon Reed",3000,"TOR@PHO 12/13/2017 09:00PM ET",0,"PHO"
"PF","Alec Peters",3000,"TOR@PHO 12/13/2017 09:00PM ET",3.75,"PHO"
"SF","Bruno Caboclo",3000,"TOR@PHO 12/13/2017 09:00PM ET",2.375,"TOR"
"PG/SG","Julyan Stone",3000,"CHA@HOU 12/13/2017 09:30PM ET",9.625,"CHA"
"PF/C","Johnny O'Bryant III",3000,"CHA@HOU 12/13/2017 09:30PM ET",9.104,"CHA"
"PG","Briante Weber",3000,"CHA@HOU 12/13/2017 09:30PM ET",1.688,"HOU"
"SG/SF","Treveon Graham",3000,"CHA@HOU 12/13/2017 09:30PM ET",11.484,"CHA"
"PG","Marcus Paige",3000,"CHA@HOU 12/13/2017 09:30PM ET",2.5,"CHA"
"PF/C","Mangok Mathiang",3000,"CHA@HOU 12/13/2017 09:30PM ET",2.5,"CHA"
"PG","Demetrius Jackson",3000,"CHA@HOU 12/13/2017 09:30PM ET",2.854,"HOU"
"SG","Troy Williams",3000,"CHA@HOU 12/13/2017 09:30PM ET",3.25,"HOU"
"PF/C","Chinanu Onuaku",3000,"CHA@HOU 12/13/2017 09:30PM ET",0,"HOU"
"PF/C","Zhou Qi",3000,"CHA@HOU 12/13/2017 09:30PM ET",4.114,"HOU"
